material_id,formula,transition_metal,energy_above_hull,volume,density,band_gap,is_stable,is_metal
mp-999203,ScC,Sc,0.6000326553571433,53.36486415077127,3.545227233512585,0.0,False,True
mp-999205,ScC,Sc,0.5788383903571432,62.13740239012464,3.0447132069054974,0.0,False,True
mp-1009751,ScC,Sc,0.9216356703571442,33.38590729544195,2.8333896698659315,0.0,False,True
mp-1009748,ScC,Sc,0.8398146103571431,23.86491216628023,3.9637809764774516,0.0,False,True
mp-1219333,ScC2,Sc,0.5693214522222227,27.126497589012853,4.222422045796161,0.0,False,True
mp-10020,ScC,Sc,0.3081149153571445,25.720312328199388,3.6778435519343957,0.0,False,True
mp-16296,Sc2C3,Sc,0.11261375116666628,228.54337759155234,3.660308314316633,0.0,False,True
mp-29941,Sc2C,Sc,0.0,54.34970048490819,3.114025129760054,0.0,True,True
mp-28733,Sc3C4,Sc,0.0,850.1978247658136,3.572463752524423,0.0,True,True
mp-15661,Sc4C3,Sc,0.0,187.74561495263885,3.8183251618992027,0.32870000000000044,True,False
mp-15957,Sc15C19,Sc,0.0017390710924392039,829.0018150749254,3.615688631501873,0.0,False,True
mp-1208199,TiC3,Ti,1.7758993862499999,49.89350006067001,2.7923022683880054,0.0,False,True
mp-1217054,TiC2,Ti,0.7268282408333295,30.422781667867053,3.923819264963281,0.0,False,True
mp-631,TiC,Ti,0.0,20.315907256971823,4.894158008766744,0.0,True,True
mp-1217106,Ti2C,Ti,0.013833493333331504,39.583223325567616,4.519952363341272,0.0,False,True
mp-10721,Ti2C,Ti,0.0,160.40451985832723,4.461577117080882,0.0,True,True
mp-1094034,Ti3C2,Ti,0.05092875733333457,123.11648094774307,4.521629303948006,0.0,False,True
mp-1187454,Ti3C,Ti,0.8560120947916658,50.94231224564432,5.072390632467846,0.0,False,True
mp-1217090,Ti8C5,Ti,0.028104624615385987,161.1599417328724,4.564418204435803,0.0,False,True
mp-27919,Ti8C5,Ti,0.0,160.89014492087287,4.572072280953635,0.0,True,True
mp-1008632,V2C,V,0.0018388041666668187,32.38831893393224,5.839294683359234,0.0,False,True
mp-1094023,V2C,V,0.3020393041666676,69.69386191522426,5.427305457226797,0.0,False,True
mp-1238834,VC,V,0.22451155993055494,36.34260310604665,5.752729779396194,0.0,False,True
mp-1282,VC,V,0.08810940243055576,18.02309334022026,5.800035854066551,0.0,False,True
mp-20648,V2C,V,0.0,130.07509514040711,5.815869313021263,0.0,True,True
mp-1216509,V3C2,V,0.14251277270833285,208.46232818641116,5.634773988818223,0.0,False,True
mp-1067129,VC3,V,2.50339239746528,30.967870565801174,4.663641965880327,0.0,False,True
mp-1178822,VC3,V,0.8865321484027788,280.6388398870431,4.116979982464313,0.0,False,True
mp-1216471,V4C3,V,0.08764150708333318,69.5302638982621,5.726917911392218,0.0,False,True
mp-1216474,V4C3,V,0.11964678851190413,69.49281681642286,5.7300039334235455,0.0,False,True
mp-28731,V6C5,V,0.0,321.4882712806797,5.666738196382318,0.0,True,True
mp-542730,V8C7,V,0.007177742759258976,579.0249436813262,5.63935956755553,0.0,False,True
mp-1018050,CrC,Cr,0.08030430958333135,16.63621507480692,6.388820509870823,0.0,False,True
mp-579,CrC,Cr,0.2547637645833323,17.332623263116375,6.132123825867927,0.0,False,True
mp-1226378,Cr2C,Cr,0.06254013708333694,29.04607059540132,6.631786799709743,0.0,False,True
mp-1189286,Cr3C,Cr,0.012876365752312324,153.10486373878803,7.2883093646310115,0.0,False,True
mp-20937,Cr3C2,Cr,0.0,172.77345974935122,6.920348531961163,0.0,True,True
mp-570112,Cr3C2,Cr,0.03457126400000199,88.29308172827773,6.770930038538572,0.0,False,True
mp-1196316,Cr7C3,Cr,0.0,753.1417541635182,7.055496200905817,0.0,True,True
mp-19855,Cr7C3,Cr,0.0005932423750003579,369.0081911396367,7.20009597731863,0.0,False,True
mp-723,Cr23C6,Cr,0.0,288.3076403147121,7.303036413970673,0.0,True,True
mp-1188188,Mn3C,Mn,0.016571311684781875,146.92153425911712,7.994050657134678,0.0,False,True
mp-1193506,Mn6C,Mn,0.14346954575943904,288.72841164368225,7.859356187650763,0.0,False,True
mp-22749,Mn5C2,Mn,0.017722750652174213,128.87673805832551,7.6976238090165845,0.0,False,True
mp-21256,Mn7C3,Mn,0.014997985989129603,355.48977225851394,7.858680107684596,0.0,False,True
mp-542830,Mn23C6,Mn,0.0,289.0920935190553,7.671884432058087,0.0,True,True
mp-1070333,Fe4C,Fe,0.2790330850000018,45.8174585917438,8.531146550342749,0.0,False,True
mp-1078579,Fe4C,Fe,0.13300199600000084,99.24947323123828,7.876625257239165,0.0,False,True
mp-1102779,Fe2C,Fe,0.17959086583333317,105.73550641690476,7.770704550005795,0.0,False,True
mp-1182630,Fe3C,Fe,0.2775626943749998,165.84560574288287,7.190848335621557,0.0,False,True
mp-1188724,Fe3C,Fe,4.327040171875,3476.5150670327484,0.34303622306582815,0.1593,False,False
mp-1205436,Fe3C,Fe,0.1606895156250001,149.2654907064194,7.989593524815109,0.0,False,True
mp-1205444,Fe3C,Fe,0.16057240499999992,152.37950606173197,7.82631883281748,0.0,False,True
mp-1246,Fe4C,Fe,0.5157662070000004,56.691565903069964,6.89477257479071,0.0,False,True
mp-1871,Fe2C,Fe,0.06014737499999967,56.98248224257454,7.209578702743136,0.0,False,True
mp-13154,Fe3C,Fe,0.056359594999999985,81.27918251844231,7.336261026959536,0.0,False,True
mp-510623,Fe3C,Fe,0.05671033062500008,152.23931894937346,7.833525571819871,0.0,False,True
mp-568503,Fe2C,Fe,1.1430112283333331,31.307151578910272,6.5611157465096355,0.0,False,True
mp-613523,Fe3C,Fe,0.12433581375000102,165.51421076671423,7.205245957443737,0.0,False,True
mp-2794,Fe5C2,Fe,0.05985946571428613,129.3317147748143,7.786991699384816,0.0,False,True
mp-645339,Fe5C2,Fe,0.061937716071428284,259.5730785270698,7.759702933242799,0.0,False,True
mp-18257,Fe7C3,Fe,0.08109436999999886,181.36254712960977,7.818178021126245,0.0,False,True
mp-21717,Fe7C3,Fe,0.06518426425000001,364.34224719862164,7.783476611490539,0.0,False,True
mp-1192884,Fe23C6,Fe,0.05325810068965531,284.9250954560707,7.905656449647533,0.0,False,True
mp-20925,Co3C,Co,0.1309572518750013,146.64262128903374,8.552134491334707,0.0,False,True
mp-22488,Co2C,Co,0.10909176916666574,54.91628650140615,7.8543541758642705,0.0,False,True
mp-1009582,NiC,Ni,1.0904641412499991,16.816624210313563,6.981598620180938,0.0,False,True
mp-7586,Ni3C,Ni,0.08418333624999974,76.65093953126872,8.149470570570449,0.0,False,True
mp-1210339,NiC4,Ni,1.721863023500001,374.48300510300265,1.8931660743248795,0.0,False,True
mp-1213653,CuC6,Cu,1.3321778521428556,123.11768665393306,1.829030753940512,0.0,False,True
mp-1207473,ZnC2,Zn,1.1256620625,269.1524435965257,2.206967488978206,2.7077999999999998,False,False
mp-971857,Zn3C,Zn,1.040288750624999,50.94103424299999,6.787982254591899,0.0,False,True
mp-981336,Zn3C,Zn,1.0459741081249998,51.189169006917766,6.755078138215375,0.0,False,True
mp-998893,YC,Y,0.36059480750000006,33.040977478027344,5.07175897223557,0.0,False,True
mp-998896,YC,Y,0.8888981075000002,30.09320315040729,5.568562214466377,0.0,False,True
mp-998894,YC,Y,0.8105841975000008,40.80289316097236,4.106960585233784,0.0,False,True
mp-1207665,YC,Y,4.2924090050000006,937.611277191937,0.3574527697181577,0.17799999999999994,False,False
mp-313,YC2,Y,0.06871589937499856,41.74409624369693,4.492134875216283,0.0,False,True
mp-1334,Y2C,Y,0.0,69.42956412506689,4.53996097092531,0.0,True,True
mp-1695,Y2C3,Y,0.044295184659999265,279.738044525066,5.077550107983201,0.0,False,True
mp-1200613,Y3C4,Y,0.0,1049.5112051760482,4.98014557580887,0.0,True,True
mp-1200885,Y4C7,Y,0.0,635.8327029033887,4.593259845577001,0.6088278273033119,True,False
mp-9459,Y4C5,Y,0.0,289.2591488388468,4.772521355112645,0.0,True,True
mp-9530,Y4C7,Y,0.004164988636363276,318.3160886701153,4.587491689396689,0.0,False,True
mp-1201082,Y15C19,Y,0.01534358108823497,1043.598619297119,4.970138917510826,0.0,False,True
mp-1009878,ZrC,Zr,1.219416865000003,25.276755348307837,6.7819326593162454,0.0,False,True
mp-1009894,ZrC,Zr,0.6132527400000001,33.28290496338164,5.150549593157213,0.48009999999999975,False,False
mp-1014307,ZrC,Zr,0.1685184349999993,52.6948586482434,6.506336937444277,0.0,False,True
mp-2795,ZrC,Zr,0.0,26.16949786121813,6.550574777068193,0.0,True,True
mp-1188023,Zr3C,Zr,1.1510861962499987,139.83471663383907,6.784971516147129,0.0,False,True
mp-684623,Zr10C9,Zr,0.0,524.9291523862418,6.455378909268918,0.0,True,True
mp-999388,NbC,Nb,0.16856049187499877,53.40835549212311,6.5240320070405335,0.0,False,True
mp-999377,NbC,Nb,0.4101651818750014,48.09444856216397,7.244865698452506,0.0,False,True
mp-1009459,NbC,Nb,0.9588706068750028,22.10365204752759,7.881906119513513,0.0,False,True
mp-1009458,NbC,Nb,0.5930299368749985,28.714539925201027,6.067271521355758,0.0,False,True
mp-1094093,NbC,Nb,0.14565651437499838,45.708443761603895,7.623051497690798,0.0,False,True
mp-910,NbC,Nb,0.02983855666667168,22.904351953249126,7.606367152085744,0.0,False,True
mp-2318,Nb2C,Nb,0.01014245666666369,42.88362598897033,7.6601168045682835,0.0,False,True
mp-569989,Nb2C,Nb,0.0,171.13372737768208,7.678055965063316,0.0,True,True
mp-1220501,Nb4C3,Nb,0.08841718142856791,88.74974829886482,7.627417741776306,0.0,False,True
mp-1220515,Nb4C3,Nb,0.056068902857145275,88.92508156674369,7.612378789271785,0.0,False,True
mp-15660,Nb4C3,Nb,0.16663083142857005,89.36054697704742,7.575282690769734,0.0,False,True
mp-2760,Nb6C5,Nb,0.0,136.6127150490126,7.505664645191197,0.0,True,True
mp-32679,Nb10C7,Nb,0.047951619999999195,224.60289218793136,7.490359439259337,0.0,False,True
mp-1173628,Nb39C34,Nb,0.08800169854452022,883.0390525622873,7.581563126502355,0.0,False,True
mp-1009218,MoC,Mo,0.584724018124998,25.934781194207627,6.911812886522366,0.0,False,True
mp-2305,MoC,Mo,0.0,20.711815752316795,8.654787055413566,0.0,True,True
mp-2746,MoC,Mo,0.2983982531250007,21.05198556948258,8.514938140899933,0.0,False,True
mp-15798,MoC,Mo,0.2550125239583316,126.15712305523908,8.525385671109817,0.0,False,True
mp-567925,MoC,Mo,0.21468779562499662,84.79430353084796,8.456056475635732,0.0,False,True
mp-1221498,Mo2C,Mo,0.06276392999999914,37.520774650224794,9.023493685715215,0.0,False,True
mp-1552,Mo2C,Mo,0.0,149.10320288570614,9.082795448706058,0.0,True,True
mp-571589,Mo2C,Mo,0.6580022166666666,39.53499603280984,8.563766462970454,0.0,False,True
mp-1221473,Mo3C2,Mo,0.13346324724999903,59.04830829377281,8.769511658665394,0.0,False,True
mp-1221489,Mo3C2,Mo,0.16274203724999836,118.53350585355408,8.737189105778615,0.0,False,True
mp-1221488,Mo4C3,Mo,0.19386667464285878,80.69122640407672,8.63887207988641,0.0,False,True
mp-1009848,TcC,Tc,0.5580503837500004,24.866305902009255,7.3463692624515105,0.0,False,True
mp-1009837,TcC,Tc,0.6506215037499992,20.436626,8.938709616217343,0.0,False,True
mp-1187391,Tc3C,Tc,1.045193819375001,101.07144792052141,10.05511909272618,0.0,False,True
mp-999259,RuC,Ru,0.36613302375000245,42.234733319798046,8.891966660189613,0.0,False,True
mp-1009792,RuC,Ru,0.4538444662500005,23.799649297276936,7.889818792930964,0.6632999999999996,False,False
mp-1009787,RuC,Ru,0.9096720512499985,20.182277801705478,9.303950829323838,0.0,False,True
mp-10030,RuC,Ru,0.6494276712500024,20.0223166388542,9.378281428555383,0.0,False,True
mp-1009652,RhC,Rh,1.1017102962500012,20.660470667805676,9.236132265330019,0.0,False,True
mp-1009696,RhC,Rh,0.5606591462499999,24.35702404772268,7.834407002183254,0.0,False,True
mp-1009533,PdC,Pd,1.48726345625,21.882096000000004,8.987201423005537,0.0,False,True
mp-1009538,PdC,Pd,1.216097716250001,26.350550385680197,7.46317634474971,0.0,False,True
mp-1008653,AgC,Ag,2.236464982916667,25.425236687373022,7.829370457267562,0.0,False,True
mp-1008912,AgC,Ag,2.258682377916667,30.270417600511994,6.576176107520458,0.0,False,True
mp-1183141,AgC,Ag,2.2458094129166675,60.85690681527137,6.542021519214017,0.0,False,True
mp-1214982,AgC6,Ag,1.388995832619047,170.20499046953026,1.7554407725667054,0.0,False,True
mp-1006882,CdC,Cd,2.1085791462499994,34.88227928998691,5.92298147015728,0.0,False,True
mp-1006887,CdC,Cd,1.9901083212500001,28.63115212259255,7.216164162266176,0.0,False,True
mp-1183628,CdC,Cd,1.9904648112499999,67.13000471719012,6.155432127313324,0.0,False,True
mp-1183622,Cd3C,Cd,1.2200676156249983,72.61902062536238,7.985962953370271,0.0,False,True
mp-1001925,LaC,La,0.7054219874999994,39.40858698204992,6.359075917411562,0.0,False,True
mp-1223019,LaC2,La,0.05556377666666634,52.97389035041498,5.107165647495822,0.0,False,True
mp-2367,LaC2,La,0.0,51.263938958448335,5.277519412449744,0.0,True,True
mp-1184,La2C3,La,0.007000589833328519,343.80538860036717,6.063297978547921,0.0,False,True
mp-1002124,HfC,Hf,0.6414220250000007,32.05576538618289,9.868235906884902,0.29520000000000035,False,False
mp-1001918,HfC,Hf,1.339074055000001,24.294560120634756,13.020768988442304,0.0,False,True
mp-1008832,HfC,Hf,0.7634334299999992,26.36322430068467,11.999057907283094,0.0,False,True
mp-1096993,HfC,Hf,0.19715249250000255,50.34989150627815,12.56542350114754,0.0,False,True
mp-21075,HfC,Hf,0.0,24.88205055427952,12.713335434976889,0.0,True,True
mp-976422,Hf3C,Hf,1.3237322124999977,70.40795376827461,12.912079433833943,0.0,False,True
mp-1009832,TaC,Ta,0.5182955350000036,28.319929701592955,11.314126276072724,0.0,False,True
mp-1009835,TaC,Ta,1.0325644500000024,21.88731308281059,14.639314545418843,0.0,False,True
mp-1009817,TaC,Ta,0.41246863499999975,23.321664772007964,13.738953196767776,0.0,False,True
mp-1086,TaC,Ta,0.0,22.295634443676896,14.37121072211497,0.0,True,True
mp-1217774,Ta2C,Ta,2.322597976666671,46.85904991661576,13.25008266399812,0.0,False,True
mp-7088,Ta2C,Ta,0.0,41.50315301585372,14.95997869642342,0.0,True,True
mp-1187218,Ta3C,Ta,1.427167169999997,120.89895343687837,15.241774770380685,0.0,False,True
mp-1218120,Ta3C2,Ta,0.005637808499997732,255.9925521984494,14.70826455912181,0.0,False,True
mp-1025192,Ta4C3,Ta,0.13371323714285666,87.84107819304211,14.363630689111512,0.0,False,True
mp-1218000,Ta4C3,Ta,0.03350051428571277,86.28493650099455,14.622677580387172,0.0,False,True
mp-1008630,WC,W,0.8989987500000005,20.42329339569059,15.923863635722565,0.0,False,True
mp-1008635,WC,W,0.6728768300000034,26.111530036169885,12.454947625621179,0.0,False,True
mp-1894,WC,W,0.0,20.917739350715298,15.547461108133996,0.0,True,True
mp-13136,WC,W,0.4476605100000022,21.084249091738137,15.42467733189354,0.0,False,True
mp-1008625,W2C,W,0.13689717666666468,38.187410730731294,16.510447537313535,0.0,False,True
mp-2034,W2C,W,0.06544971916666498,152.22658256008276,16.567178500686172,0.0,False,True
mp-33065,W2C,W,0.07076890666666458,76.15490994971967,16.558124535157535,0.0,False,True
mp-567397,W2C,W,0.08328427666666727,114.38179873883821,16.53649221486233,0.0,False,True
mp-979413,W3C,W,1.330666737499996,56.447452690107,16.5776257260558,0.0,False,True
mp-684989,W9C4,W,0.07193477384615221,338.1916480138107,16.719741512582406,0.0,False,True
mp-1008806,ReC2,Re,1.5301591537499988,26.051726107492577,13.399974733195927,0.0,False,True
mp-1008802,ReC2,Re,0.9113396737499997,27.814270164209283,12.550840612950713,0.0,False,True
mp-1008805,ReC2,Re,0.47989954708333116,29.18695873907311,11.960563439218653,0.0,False,True
mp-1009731,ReC,Re,1.1149929443750004,19.69732832538351,16.71029845084614,0.0,False,True
mp-1009663,ReC,Re,0.769432209375001,25.12788655081559,13.098922360057394,0.0,False,True
mp-1009735,ReC,Re,0.265454019375003,20.379676009634913,16.150808032760292,0.0,False,True
mp-1019051,ReC2,Re,0.8499078416666705,57.44551795656024,12.153862790845464,0.0,False,True
mp-1019054,ReC2,Re,0.44891448541666534,58.24544266203999,11.986945437846368,0.0,False,True
mp-1079494,ReC,Re,0.636191904375,82.21523614802835,16.013977477791737,0.0,False,True
mp-10709,ReC,Re,0.9683199143749981,20.75692677072939,15.857272063300615,0.0,False,True
mp-974437,Re2C,Re,0.0,69.65985272408962,18.327694028761464,0.0,True,True
mp-974452,Re3C,Re,1.4002532674999983,54.60678871054447,17.352352229261655,0.0,False,True
mp-999308,OsC,Os,0.9277737837499984,40.89565199462763,16.42368160409063,0.0,False,True
mp-1008835,OsC2,Os,0.6011552450000011,28.671097188290208,12.408761964509347,0.0,False,True
mp-1009540,OsC,Os,0.7169758262499997,24.53179762202897,13.689522017504453,0.14459999999999962,False,False
mp-1009539,OsC,Os,1.3918186662499998,20.750618336778786,16.184027782945634,0.0,False,True
mp-1009537,OsC,Os,1.4795162512500006,19.629707240131165,17.108180961005765,0.0,False,True
mp-1018850,OsC2,Os,0.5797571416666649,57.32744554215406,12.411954410534454,0.0,False,True
mp-1080659,OsC,Os,0.7765956512499983,89.07291263651574,15.081064432962302,0.2991999999999999,False,False
mp-7142,OsC,Os,0.9160852612500001,20.547171622650602,16.344273063136406,0.0,False,True
mp-1189780,Os2C3,Os,1.2243351004999958,199.18025444356982,13.888955125167277,0.23550000000000004,False,False
mp-1197685,Os2C3,Os,1.17217014525,393.6208776769834,14.056193523638923,0.07659999999999911,False,False
mp-1001789,IrC,Ir,0.5319193412499992,24.891044625571116,13.624501498714897,0.0,False,True
mp-1001827,IrC,Ir,1.220723241249999,21.540864975689413,15.743475259160029,0.0,False,True
mp-1001824,IrC,Ir,1.4245052662500015,21.394247820760725,15.851367042527533,0.0,False,True
mp-1017519,IrC,Ir,1.66696995625,20.347982149131344,16.666422858059683,0.0,False,True
mp-1009071,IrC2,Ir,1.4549496716666646,31.732751778850368,11.315511302113716,0.0,False,True
mp-1077157,IrC2,Ir,1.4165495033333357,54.673437768608544,13.135164937695446,0.0,False,True
mp-1077889,IrC2,Ir,1.293225439999997,70.05140213104313,10.251680922218922,0.0,False,True
mp-1191686,IrC2,Ir,1.1751079708333307,242.5983163216012,11.840883872408911,0.0,False,True
mp-1106149,Ir5C3,Ir,0.7824195903125002,219.59880796104497,15.079789514448795,0.0,False,True
mp-1184780,IrC3,Ir,0.7364806387499989,154.15756135349528,9.83452370855072,0.0,False,True
mp-1079286,IrC4,Ir,1.5050508040000032,52.06406142551848,7.6628824887518325,0.0,False,True
mp-1079828,IrC4,Ir,0.9714518619999986,87.07056557581484,9.164079317792387,0.0,False,True
mp-1080042,IrC4,Ir,0.5786491190000014,94.39818346800763,8.45272165064737,0.0,False,True
mp-1104673,IrC4,Ir,1.2695418699999976,122.38768855684022,9.779434254262029,0.0,False,True
mp-1190275,IrC4,Ir,0.923264743499999,214.950546533334,7.424233918456876,0.0,False,True
mp-1198173,IrC4,Ir,0.7218419937500009,336.06886699371483,9.497119757858837,0.0,False,True
mp-1197234,Ir4C5,Ir,1.0326911158333303,383.20732863296143,14.367747513891091,0.5691000000000006,False,False
mp-1002228,PtC,Pt,2.0090891862500015,22.331687785941376,15.399142403054613,0.0,False,True
mp-1009648,PtC,Pt,1.5707331862499991,22.905740327603738,15.013216573569803,0.0,False,True
mp-1018164,PtC,Pt,0.9112256662500009,26.448169244537592,13.002368411087314,0.0,False,True
mp-1018165,PtC,Pt,1.4822802012499992,22.465543950319464,15.307389889011633,0.0,False,True
mp-1008661,AuC,Au,2.247474876249999,26.78333684716926,12.956373646451762,0.0,False,True
mp-1183164,AuC,Au,1.8776272787499977,60.071217121781395,11.55345059805286,0.0,False,True
mp-1214766,AuC2,Au,1.5434026316666696,86.5415298285101,4.240266575052979,2.8504,False,False
mp-1228707,AuC,Au,2.1137721462499997,34.86152421396011,9.954094880101197,0.0,False,True
mp-1184566,HgC,Hg,2.288847001249998,71.10315187210144,9.930129934739456,0.0,False,True
mp-973450,Hg3C,Hg,1.5229423418750017,78.52195523466627,12.979896247528758,0.0,False,True
mp-973461,Hg3C,Hg,1.5103467343749983,79.10430613366891,12.884340713093795,0.0,False,True
