Actual,Predicted
0.0164941266666662,0.17904951172233774
0.4989465822222216,0.35051882617284763
0.2126794617307688,0.1470630768974648
0.244662513157893,0.11120396013253844
0.0282428717391294,0.11134310030954767
0.0194360482758622,0.1122914583900028
0.0129439730714295,0.134674783556528
0.1550076733333352,0.11256089785884016
0.4162709311538464,0.2803724879031775
0.1773491164772735,0.15408836951236166
0.1406433615384639,0.20295469082760603
0.0569271313942323,0.12612585629716916
0.0,0.14904442060182163
0.4180303448611102,0.11640167396573353
0.0991534597619043,0.11502637501671267
0.4744492248421048,0.38857361240147975
0.5201991928333323,0.41519002387718823
0.2280900682102249,0.14977541024600652
0.1798254058333332,0.14983241335796463
0.250517038399999,0.1522974191234263
0.0488238395652178,0.11763146714723186
0.076544280000002,0.11425806331270771
0.0834387719354836,0.125970750423169
0.1947037255188677,0.14066637679696303
0.1866041876363633,0.11751079049105098
0.049515041666666,0.11895056672487257
0.1642942700000018,0.17522817060402113
0.1520646781203014,0.14522302406862655
0.4309923750000006,0.4938022200699667
0.0466523734210522,0.11759246453721858
0.2138079783333326,0.12252630747045465
0.160362494000001,0.15465965591498307
0.0797199516071431,0.16014008191456233
0.0418387982499997,0.1184270481805267
0.0720672474999997,0.10878193582555523
0.6691908581249999,0.4332456908208714
0.6811400525,0.11899282869016041
0.1527610934999996,0.11472185221763473
0.1386693266666672,0.17430401390896527
0.0562793776666668,0.1148989972667445
0.0,0.11617347902156733
0.2356560484999992,0.14716715069684339
0.0687903720527778,0.11447773973022146
0.4614654038636372,0.47181425107310687
0.4992520205555557,0.18231101371550196
0.0312597542761903,0.31849887282782813
0.563254326424806,0.5206034942248551
0.1832611860576918,0.24049442406594215
0.1480778852272735,0.18278584475399937
0.7710467560526322,0.27254908933807304
0.4571347871874982,0.34732244216989916
0.3403667919318156,0.3603712488286879
0.0868268400000005,0.35028257783090394
0.0404436750000014,0.25778508207927336
0.0019320837500007,0.33465843545727525
0.0667874656249978,0.1273296910957239
0.0319066599999988,0.15034719053390763
0.0189896770652158,0.12053497033234642
0.1407040772727299,0.12569943126498528
0.0366094222222219,0.12179166244917916
0.0138275777941174,0.12225977629479583
0.3395269399999998,0.29867383250036267
0.0341744300000002,0.20935491215954777
0.0454491053124996,0.12267745588842158
0.0601137201249999,0.31973497110990223
0.0180880670588106,0.13187586760824152
0.0764276440000006,0.13893513983838407
0.0466325330909098,0.24191743123319517
0.145534851499999,0.14276674288356345
0.3602019493749928,0.1546526107281531
0.2118742217307634,0.15127011005182658
0.4110917261904765,0.22312205306046431
0.3346113968981488,0.3794245942847759
0.0576284699112044,0.13276718824458583
0.3745702499999996,0.1806975957722214
0.1034685142857139,0.12629219874318148
0.1817684509615373,0.12918729890011202
0.7118553790476199,0.15953143180545662
0.301966283125,0.12469359429802122
0.0712161522222221,0.12415200268608889
0.0523055902272719,0.12367071224438443
0.1161095049532718,0.14002549298227496
0.5991084150000008,0.3511733584599726
0.1922252651388891,0.14891411678895877
0.2059830822916666,0.21027265071325474
0.0407146795454558,0.15490203168309263
0.0569168942307705,0.15124190612579141
0.0268143498387098,0.15050278734052092
0.1873794085416671,0.13470499418961815
0.0473351413333329,0.14402756759818158
0.0,0.17059925856429675
0.0838707072058806,0.12137266407667495
0.1161277954934192,0.12359648802084712
0.0592213257653071,0.16187707117865993
0.0236462886111112,0.18011448241222977
0.0,0.13526710059346325
0.4926748465624992,0.17242757313631812
0.2107665650000001,0.17138048222630675
0.0056417138809514,0.17590210491808034
0.0176133723308282,0.16416263887192747
0.0018604027142856,0.1506223704628592
0.0517774746739139,0.13936885390047637
0.0062097759598227,0.16174629677152122
0.0,0.1505911895665346
0.2298205979199998,0.2836326792707738
0.1622479320192305,0.13265609368435863
0.0083286475000008,0.2170700312165448
0.9869665354807688,0.2135060680994013
0.0734212008333319,0.1976189613721041
0.2632304216666652,0.1260758442904403
0.3282124756249995,0.12691167587413105
0.054016009798385,0.12092899748333565
0.0603361215064079,0.12179376146452742
0.2715015032500005,0.15174937183800538
0.3776018215909076,0.20507532043941415
0.0113195504081637,0.1055053917463479
0.0938598568181809,0.11078593729722244
0.0990684871428566,0.13720044030056194
0.0131422769230784,0.10235898994748335
0.0117340728571431,0.19149173444618742
0.0166149702499982,0.10033174459636728
0.2045719916666524,0.12017779075263652
0.1281169818181808,0.13507210375371423
0.0740391024264717,0.12862072194892643
0.0415225126630449,0.11412332918685936
0.2123607223026322,0.2620286599435327
0.2038462566666332,0.134908210955495
0.4926594585416675,0.37366748698165353
0.1230215537500001,0.13494102258815932
0.6938011720588229,0.46611847177131344
0.1695247491666665,0.13170640328011968
0.0582812179310341,0.12349524468028651
0.0396876154285728,0.1689252571316342
0.0568135191044785,0.12243967052740644
0.0848202781443294,0.14298003549779653
0.0044346591818182,0.142909684072246
0.0950797759420289,0.14676025385305072
0.8089165733333337,0.15979136412323905
0.2923217118750001,0.4226805632394388
0.0,0.16648827902692295
0.2124121093333331,0.13493334449100658
0.1175888066666672,0.1885557073758023
0.3173831439583328,0.10876829514606463
0.2210998014583332,0.1240252565941662
0.1955248341071431,0.1546976974954148
0.0,0.463533465633091
0.0810687998333339,0.1430641359779747
0.2009809282307681,0.1178746669693888
0.2539512742857148,0.11547104445231955
0.1862437050961514,0.24168635619916734
0.1283372229670334,0.1205392499032813
0.1880587383333347,0.3532610057671838
0.5570837924999994,0.29672638221756176
0.0,0.12754671065909476
0.0,0.13030443546383658
0.0,0.14430605247677225
0.0,0.18597642680655246
0.0396210463636368,0.11669368564237555
0.6652105345824566,0.43448505269824733
0.0063694371874998,0.21820265722924634
0.2607472073214296,0.2535442530360795
0.8733193005000022,0.6594828871523345
0.0764806311111137,0.11921986719240935
0.2586699650000001,0.5062441761675598
0.0,0.181801067342777
0.6929377642187493,0.4012818027471879
0.0817799807499994,0.12606353747467347
0.0,0.1357850144668558
0.058591720799999,0.11070790907661372
0.1157833386666666,0.1281960962233893
0.0606440262500012,0.12815275266640172
0.0625670652083325,0.1547613962045292
0.0076721489062521,0.12678843808936896
0.0632566617500014,0.15550703743054634
0.0953513394117671,0.15102093312586007
0.2039228990789476,0.20888519274578493
0.8237026231250013,0.28284110662484396
0.0394939071951245,0.15026704718066722
0.0777908339181312,0.16199358961285407
0.5163015806551741,0.16947010826275638
0.0573985019285725,0.14340144386330067
0.0553645387500019,0.14846867461378138
0.064272060375,0.14007374536622658
0.1376911432446803,0.16962921145900564
0.5403715906249991,0.3516624291902516
0.2177308499999997,0.16095217067073866
0.0485509026470598,0.11531426419250847
0.0824289684000021,0.11345243046657942
0.7833586849295777,0.11789412940022179
0.3006020434285723,0.14282691079484042
0.0898981007142856,0.12294971639440348
0.247499506396104,0.14938852598665636
0.048658195807965,0.1415694047431917
0.2877166172222223,0.1562128122599332
0.1996078240909087,0.13401655332752258
0.06485079725,0.15662229666144215
0.1085484842857145,0.1245954521564839
0.0321067776923067,0.1773269185686203
0.2240268974999999,0.21235040890474685
0.4591891483333326,0.3915462888428669
0.2280090724999972,0.2078099625803728
0.0074235237499991,0.15704577586463941
0.329072008999999,0.15602848390755164
0.0051080399193565,0.15269271708864982
0.0063411463235283,0.14695065692522707
0.0001818252500003,0.4838162662895355
0.2562967936666656,0.13814754711882943
0.1400334612499989,0.1750689070934736
0.0256111212499998,0.1446389109078288
0.0099286387500008,0.11173654425721027
0.1462951843749991,0.1713250211307354
0.5246057385,0.4134755737070145
0.007278122198274,0.13612723542180039
0.8725711921289072,0.19562270365454953
0.0030684913619403,0.1485368292269422
0.0121320874872452,0.18126370414190918
0.5795152936111112,0.2990473284405223
0.1142578012499999,0.3383052286635387
0.4355879374999993,0.1958617210795024
0.0,0.10308689105507474
0.0266225728571409,0.10237152025592143
0.3507954688500003,0.1281394764846539
0.0099539847619052,0.10714286966763413
0.1624503055882353,0.10397389053394984
0.1460034838095243,0.10234285972704381
0.1814539139930548,0.10973874909862029
0.0299486506250001,0.10789599211205327
0.0430091634210541,0.11573562689222258
0.6480725046969713,0.25218927250365936
0.0940346927419373,0.11707066815490044
0.220392138428032,0.10914263439689417
0.846564473448276,0.1176395353355499
0.6766213945402306,0.11446168201385168
0.2927282001515152,0.12428113477889058
0.0852099862985076,0.17311391641958745
0.5794239267857133,0.12048171062808491
0.2344344430729155,0.11752863840500007
0.1086866119333347,0.1447982246667769
0.0875999816666652,0.11429042026769093
0.0979422586666665,0.11168342294205456
0.263188419090909,0.12403120855561513
0.0387845999999996,0.1176498695345639
0.1830700547368424,0.11438618346946018
0.4076379242857149,0.12430216027976668
0.0239870287912111,0.13526936688482546
0.023970381727576,0.1452857113056779
0.5129339652380951,0.24542196348912057
0.0010805249999998,0.11424626341815722
0.193557816136364,0.12780239548969136
0.4624509035937496,0.46229986979723525
0.3467296037499974,0.10255153176694502
0.1084965577118648,0.10788357051128077
0.4693881167499976,0.3583935837869649
0.109607322653062,0.13548995037834763
0.3391895963888887,0.31677575014671605
0.2145175193571429,0.1256467648896814
0.0,0.3682978433232384
0.0,0.11113755778128234
0.7035315005555556,0.137064928084995
0.0201617395833331,0.11879606982726432
0.4323955816666665,0.1386549958976775
0.216161739426667,0.2646748204811738
0.0,0.3856471868739131
0.7958218847916649,0.43886030939596865
0.7694495692045464,0.6270903673021819
0.01299797246795,0.21400576742625332
0.0988654056250002,0.1583916519553017
0.8545948347916674,0.6170793067876531
0.0,0.4315761569763209
0.189491194166667,0.26707443744061726
0.1391273412499982,0.1523151500790483
0.3873081116666661,0.17774872564577904
0.3649901141666669,0.4058967167477032
