material_id,formula,transition_metal,energy_above_hull,volume,density,band_gap,is_stable,is_metal,num_materials
mp-1179108,ScO2,Sc,0.32821247562499956,77.52587645258822,3.2966104134697733,0.0,False,True,1
mp-1186987,ScO3,Sc,0.6929377642187493,75.20180971737405,4.105059045064566,0.0,False,True,1
mp-644481,ScO,Sc,0.06678746562499782,22.13149871993696,4.573512093106743,0.0,False,True,1
mp-775837,Sc2O3,Sc,0.08177998074999948,506.46368073293684,3.6173173565581105,4.1645,False,False,1
mp-759946,Sc16O15,Sc,0.054016009798385056,361.09915190566187,4.4113401966233585,0.0,False,True,1
mp-684697,Sc20O19,Sc,0.06033612150640799,449.7186249219648,4.44234639437391,0.0,False,True,1
mp-2420244,TiO2,Ti,0.016494126666666276,204.9469218790116,2.5883829814012427,2.8899,False,False,1
mp-1071163,TiO,Ti,0.0,61.93779156658514,5.136733957196175,0.0,True,True,1
mp-1244955,Ti2O,Ti,0.33648856470588484,1393.5604093181257,4.526736653775709,0.0,False,True,1
mp-458,Ti2O3,Ti,0.0,103.7211155286214,4.602205295332797,0.0,True,True,1
mp-656850,Ti2O7,Ti,0.49894658222222166,345.81646513064675,1.9949509838903754,1.1540000000000001,False,False,1
mp-978968,Ti3O2,Ti,0.031906659999998865,111.68602130432724,5.221608308527694,0.0,False,True,1
mp-1105338,Ti3O7,Ti,0.27150150325000055,284.1554124233023,2.9872981737097173,0.0,False,True,1
mp-1217105,Ti3O8,Ti,0.3776018215909076,137.60792361818665,3.2773992166436927,0.0,False,True,1
mp-1217157,Ti3O4,Ti,0.02662257285714098,69.80936068096659,4.938099741788414,0.0,False,True,1
mp-1244956,Ti3O,Ti,0.35079546885000035,1455.1592008493833,4.55315644261749,0.0,False,True,1
mp-1245031,Ti3O5,Ti,0.2126794617307688,1335.6519191160896,3.613824621848453,0.01839999999999975,False,False,1
mp-565700,Ti8O15,Ti,0.018989677065215815,485.58659153569164,4.26039202323855,0.0,False,True,1
mp-752989,Ti8O13,Ti,0.009953984761905232,242.12323586529487,4.052726949232143,0.1144999999999996,False,False,1
mp-1045643,Ti9O13,Ti,0.14070407727272993,251.48701079847953,4.217889358462954,0.0,False,True,1
mp-1217149,Ti9O10,Ti,0.244662513157893,218.79855255583982,4.483765952018153,0.0,False,True,1
mp-27273,Ti9O17,Ti,0.020783203846152176,548.2424667111559,4.257294801537243,0.0,False,True,1
mp-32544,Ti9O8,Ti,0.16245030558823537,349.1388524102388,5.315399511320384,0.0,False,True,1
mp-684733,Ti10O11,Ti,0.14600348380952433,424.9611675424274,5.116204659257331,0.0,False,True,1
mp-753593,Ti10O13,Ti,0.028242871739129427,230.577800619834,4.945096219954479,0.0,False,True,1
mp-2739250,Ti11O14,Ti,0.05859172079999908,251.9507727658965,4.946530026323161,0.0,False,True,1
mp-760747,Ti11O18,Ti,0.019436048275862206,306.69832203852724,4.410042313792113,0.0,False,True,1
mp-656852,Ti13O22,Ti,0.012943973071429582,810.8539189415468,3.990344258832327,0.0,False,True,1
mp-760075,Ti19O30,Ti,0.011319550408163792,515.0391610824431,4.479745398693894,0.0,False,True,1
mp-778663,Ti4O7,Ti,0.09385985681818099,493.8244825655946,4.081721451191843,0.0,False,True,1
mp-1217135,Ti4O3,Ti,0.09906848714285665,74.82979348114432,5.31396603260717,0.0,False,True,1
mp-10734,Ti4O5,Ti,0.036609422222221966,90.73767653519478,4.9679279386167945,0.0,False,True,1
mp-1045759,Ti5O7,Ti,0.1550076733333352,277.1632814646329,4.20978216473716,0.0,False,True,1
mp-748,Ti5O9,Ti,0.01078014607142741,296.2867131326208,4.296741965533616,0.0,False,True,1
mp-759920,Ti5O8,Ti,0.013142276923078455,410.3530261794498,4.459327281973952,0.0,False,True,1
mp-882,Ti6O,Ti,0.011734072857143119,213.51484396580418,4.716091500709671,0.0,False,True,1
mp-30524,Ti6O11,Ti,0.013827577794117474,359.3760311369506,4.280497259712451,0.0,False,True,1
mp-779692,Ti7O8,Ti,0.11578333866666668,165.56435271850313,4.644334259715617,0.0,False,True,1
mp-556724,Ti7O13,Ti,0.01661497024999825,422.4950270949022,4.268804514056533,0.0,False,True,1
mp-1780502,VO2,V,0.2045719916666524,147.8941286002547,3.724978397491521,1.1092000000000002,False,False,1
mp-826024,VO3,V,0.33952693999999983,268.1566615707423,2.4507052907784193,0.07850000000000001,False,False,1
mp-776041,V2O5,V,0.0341744300000002,446.26543404636556,2.707078100284063,2.08,False,False,1
mp-776630,V2O3,V,0.060644026250001204,315.0324308093384,4.7401517549900705,0.9127999999999998,False,False,1
mp-1273331,VO,V,0.06256706520833255,86.10667221884472,5.1637336291967175,1.5467000000000004,False,False,1
mp-796383,V3O8,V,0.12811698181818088,607.4079639103353,3.0708328561936997,0.6003999999999999,False,False,1
mp-818205,V3O10,V,0.4162709311538464,435.03658923796417,2.388062767965543,0.0,False,True,1
mp-1272338,V3O5,V,0.007672148906252119,174.04930479353644,4.442525033847938,1.1494,False,False,1
mp-1379199,V3O7,V,0.06325666175000144,608.2232220286406,2.8919938500632107,1.4513,False,False,1
mp-2506981,V4O7,V,0.17734911647727358,301.4303897322373,3.4789777224404834,0.9472999999999998,False,False,1
mp-1370177,V4O9,V,0.1406433615384639,362.18964249018563,3.1887718210865637,0.012199999999999989,False,False,1
mp-2214725,V5O12,V,0.0953513394117671,205.73181570409864,3.6054865782896353,1.3039,False,False,1
mp-1046039,V5O7,V,0.18145391399305488,292.36764772295777,4.165475633808141,0.5505999999999998,False,False,1
mp-1204545,V5O14,V,0.20392289907894767,1833.4995241608353,1.7341669246860691,0.0,False,True,1
mp-542334,V5O9,V,0.029948650625000184,280.95663138848244,4.712901138076423,0.5186000000000002,False,False,1
mp-849537,V6O11,V,0.07403910242647171,395.0729988402168,4.048801233170881,0.4496000000000002,False,False,1
mp-870306,V6O13,V,0.0430091634210541,460.457359135563,3.7046699898908253,0.0,False,True,1
mp-1100921,V7O3,V,0.8237026231250013,147.0339768293617,4.569252343444688,0.8212999999999999,False,False,1
mp-1205504,V7O4,V,0.6480725046969713,141.2735540209622,4.943621449979253,0.0,False,True,1
mp-27151,V7O13,V,0.04544910531249968,399.3339815269712,4.695376173104464,0.5028000000000006,False,False,1
mp-556566,V8O15,V,0.041522512663044964,486.4271229757832,4.4209592300132305,0.5660999999999996,False,False,1
mp-776583,V9O22,V,0.09403469274193732,761.6891212722951,3.5337277489552466,0.9038999999999997,False,False,1
mp-1045898,V9O13,V,0.22039213842803207,266.04573381949626,4.159782294032094,0.0,False,True,1
mp-1100929,V9O20,V,0.846564473448276,371.7129442614523,3.4775913896903248,1.2888000000000002,False,False,1
mp-559485,V9O17,V,0.05692713139423233,550.1688363255685,4.409420410517204,0.45799999999999974,False,False,1
mp-705541,V10O9,V,0.21236072230263225,210.05610788833138,5.165344534443132,1.1357999999999997,False,False,1
mp-773019,V12O29,V,0.03949390719512458,526.8547170277877,3.389066071999435,0.5361,False,False,1
mp-30065,V13O16,V,0.6766213945402306,917.3180174465875,3.324379537305416,0.0,False,True,1
mp-685164,V25O32,V,0.07779083391813124,646.6224155585722,4.585246078827052,0.2588999999999997,False,False,1
mp-2039648,CrO,Cr,0.13362074249999978,93.71685927120197,4.81916210759937,0.0,False,True,1
mp-2214915,CrO2,Cr,0.20384625666663325,135.75539532326752,4.10965067599411,0.0,False,True,1
mp-772550,CrO3,Cr,0.060113720124999936,257.1742800265965,2.5825979456753627,2.3421,False,False,1
mp-773920,Cr5O12,Cr,0.0,1020.3745477293073,2.9421326685534033,1.8218,True,False,1
mp-1046050,Cr5O7,Cr,0.41803034486111024,279.9118361202061,4.413398071505972,0.7811999999999997,False,False,1
mp-1213798,Cr6O11,Cr,0.01808806705881061,326.29366251669643,4.966650245126532,0.0,False,True,1
mp-1181818,Cr8O21,Cr,0.5163015806551741,443.0188951903003,2.8185087854554327,0.8535,False,False,1
mp-1045826,Cr9O13,Cr,0.29272820015151524,256.6241473662593,4.373918764012003,0.6852999999999998,False,False,1
mp-780521,Cr19O48,Cr,0.08520998629850762,892.8564303100558,3.2656266299619983,0.3451,False,False,1
mp-753829,Cr2O3,Cr,0.07642764400000068,103.96313558588507,4.855297906867757,0.0,False,True,1
mp-2220540,Cr3O8,Cr,0.04663253309090987,327.1868241030999,2.882546985021912,0.5890000000000001,False,False,1
mp-1044455,Cr3O7,Cr,0.145534851499999,627.6761491268829,2.835845003945874,0.2996,False,False,1
mp-1096920,Cr3O5,Cr,0.36020194937499284,109.42735007947488,3.581031707851874,0.6983999999999999,False,False,1
mp-1310867,Cr3O4,Cr,0.09915345976190437,156.56919999895874,4.66624574391333,1.4759999999999995,False,False,1
mp-1041443,Cr4O9,Cr,0.21187422173076342,381.90653291304204,3.0608268283929783,0.18369999999999997,False,False,1
mp-1198417,Cr4O15,Cr,0.47444922484210483,666.3935279287732,2.2325566574067124,0.7085999999999999,False,False,1
mp-776160,Cr2O5,Cr,0.05739850192857254,419.00987662396113,2.9166019409468427,0.516,False,False,1
mp-2831286,MnO,Mn,0.05536453875000191,111.34584959689694,4.231658361701393,0.9851000000000001,False,False,1
mp-1221594,MnO4,Mn,0.5201991928333323,163.7800968094913,2.4117373118838494,0.0,False,True,1
mp-770543,Mn2O3,Mn,0.064272060375,107.67545202396182,4.8693814903078625,0.0,False,True,1
mp-1104282,Mn2O5,Mn,0.4110917261904765,189.94186028482588,3.319875709427822,0.0,False,True,1
mp-1086672,MnO3,Mn,0.4926594585416675,93.06587031718803,3.6733048505936017,0.0,False,True,1
mp-28338,Mn2O7,Mn,0.3346113968981488,1246.6199895735654,2.3643255825932927,1.8058000000000003,False,False,1
mp-1180464,Mn3O4,Mn,0.5794239267857133,459.11990023767487,3.3102535977915895,0.0,False,True,1
mp-1046066,Mn5O7,Mn,0.2344344430729155,294.95777796339917,4.353892657799678,0.0,False,True,1
mp-18922,Mn5O8,Mn,0.013191634455127499,135.65833629201595,4.929110137822828,0.6045000000000003,False,False,1
mp-754430,Mn7O12,Mn,0.0557821250657895,188.3746629432944,5.082418840412951,0.0,False,True,1
mp-1221945,Mn8O17,Mn,0.10868661193333473,287.6009909735257,4.107996450183211,0.31410000000000005,False,False,1
mp-1045833,Mn9O13,Mn,0.22809006821022493,267.4659775898533,4.361003651658974,0.0,False,True,1
mp-776603,Mn15O32,Mn,0.13769114324468035,557.7015489906358,3.9780518385523496,0.0,False,True,1
mp-1222372,Mn20O43,Mn,0.1481496255291006,726.3688102339088,4.084623950752032,0.05090000000000017,False,False,1
mp-849596,Mn21O40,Mn,0.057628469911204405,720.1760571895777,4.135748881653512,0.3699999999999999,False,False,1
mp-1974703,FeO,Fe,0.1682073175000003,81.33221341667618,5.867315203727379,0.5488999999999997,False,False,1
mp-796324,FeO2,Fe,0.17982540583333328,153.9825826946548,3.789209384847087,1.1543,False,False,1
mp-863316,FeO3,Fe,0.5403715906249991,122.93865159799667,2.805231526461336,0.3050999999999999,False,False,1
mp-776606,Fe2O3,Fe,0.12302155375000012,412.5212429663978,5.142396896483901,0.0,False,True,1
mp-1147691,Fe2O5,Fe,0.37457024999999966,287.2863301226924,4.431867710073485,0.0,False,True,1
mp-2903347,Fe3O4,Fe,0.10346851428571391,73.29436863416122,5.24554526075053,0.0,False,True,1
mp-1181334,Fe4O13,Fe,0.6938011720588229,195.0501848590246,3.6724414891669843,0.0,False,True,1
mp-1188678,Fe4O5,Fe,0.08759998166666527,189.26723233246906,5.323365855816135,0.0,False,True,1
mp-1095382,Fe5O7,Fe,0.1695247491666665,121.72601544467997,5.336882346809207,0.0,False,True,1
mp-1225007,Fe5O8,Fe,0.18176845096153738,153.71957432329117,4.398952148613642,0.0,False,True,1
mp-32939,Fe7O8,Fe,0.0979422586666665,163.17034064833175,5.280804446061566,0.0,False,True,1
mp-705558,Fe7O9,Fe,0.2177308499999997,649.3866031681804,4.103433693304866,1.1386999999999998,False,False,1
mp-1182503,Fe8O17,Fe,0.25051703839999906,622.3510958894612,3.8354945674922423,0.0,False,True,1
mp-705588,Fe8O9,Fe,0.04855090264705986,370.3831694353669,5.297060851548167,1.1978000000000004,False,False,1
mp-1342828,Fe9O13,Fe,0.26318841909090906,260.120784210012,4.53625578766705,0.0,False,True,1
mp-759037,Fe9O10,Fe,0.038784599999999614,205.6335180267732,5.350642916025339,1.6011999999999995,False,False,1
mp-799417,Fe10O11,Fe,0.7118553790476199,224.47394727369618,5.433022292441989,0.0,False,True,1
mp-705417,Fe11O12,Fe,0.04882383956521785,248.9952841598182,5.377099398533975,1.3876,False,False,1
mp-764326,Fe12O13,Fe,0.08242896840000213,267.6757729678826,5.447533819026765,0.0,False,True,1
mp-1195927,Fe13O19,Fe,0.30196628312500007,312.890144152912,5.466172184446745,0.0,False,True,1
mp-705414,Fe13O14,Fe,0.0712161522222221,288.40212059445474,5.46970062358868,0.0,False,True,1
mp-756693,Fe13O15,Fe,0.07654428000000202,303.6833894363142,5.281951346158334,1.2639,False,False,1
mp-764417,Fe14O15,Fe,0.058281217931034135,306.5112489771459,5.5357631982681905,1.0187,False,False,1
mp-1224936,Fe15O16,Fe,0.08343877193548366,344.0009897000486,5.279270058523795,1.4826000000000001,False,False,1
mp-705424,Fe17O18,Fe,0.0396876154285728,377.95567217818876,5.436285634638037,1.5382999999999996,False,False,1
mp-530048,Fe21O32,Fe,0.19470372551886772,570.0575742870437,4.907492045547028,0.0,False,True,1
mp-706875,Fe21O23,Fe,0.05230559022727199,474.72320235304124,5.389339176224495,1.3487,False,False,1
mp-774295,Fe23O32,Fe,0.18660418763636333,576.5993794245261,5.173468315041151,0.009599999999999831,False,False,1
mp-705553,Fe23O25,Fe,0.04951504166666609,516.4686557619616,5.415711461412236,1.2771000000000003,False,False,1
mp-1194978,Fe25O32,Fe,0.18307005473684246,578.6279415763722,5.47585762951727,0.0,False,True,1
mp-863766,Fe32O35,Fe,0.056813519104478516,732.2937948818808,5.32206714331942,0.5078999999999998,False,False,1
mp-694910,Fe35O36,Fe,0.7833586849295777,751.1078958069701,5.59451286578972,0.21050000000000013,False,False,1
mp-705753,Fe38O39,Fe,0.07089724454545454,817.9429909710078,5.574941207729374,1.3910999999999998,False,False,1
mp-757565,Fe41O56,Fe,0.08482027814432946,1083.478033687803,4.882269897149725,0.01540000000000008,False,False,1
mp-530050,Fe43O64,Fe,0.11610950495327188,1241.3194350304952,4.582091173654353,0.8886999999999996,False,False,1
mp-796278,CoO2,Co,0.16429427000000185,124.29623775597089,2.429617067071438,0.7414999999999998,False,False,1
mp-1079523,CoO4,Co,0.5991084150000008,196.48956487420548,2.0777834996131443,0.012199999999999989,False,False,1
mp-1244882,CoO,Co,0.4017379017500007,1044.2359862327437,4.76629816147042,0.2197,False,False,1
mp-1043418,Co2O3,Co,0.30060204342857233,226.18613795884957,4.8707605926850555,0.15380000000000016,False,False,1
mp-1271940,Co3O4,Co,0.08989810071428561,146.7422048629406,5.44973593318876,0.0,False,True,1
mp-1046082,Co5O7,Co,0.4076379242857149,273.5798507358449,4.936604529957647,0.0,False,True,1
mp-761471,Co5O8,Co,0.023987028791211173,125.70728249592105,5.583172112768459,0.0,False,True,1
mp-2215229,Co7O12,Co,0.15206467812030144,198.02074721820347,5.069355957543469,0.4031,False,False,1
mp-1343966,Co9O13,Co,0.24749950639610407,247.08745660224707,4.962320005132541,0.0,False,True,1
mp-766681,Co15O28,Co,0.02397038172757604,470.9993619526045,4.6959866101667505,0.48350000000000004,False,False,1
mp-850026,Co21O40,Co,0.04865819580796504,644.9330543553015,4.83427459322455,0.0,False,True,1
mp-2740066,Co23O32,Co,0.00443465918181829,516.425158920953,6.0046729728528305,0.0,False,True,1
mp-705563,Co29O40,Co,0.09507977594202899,727.9768602068345,5.358234133874145,0.0,False,True,1
mp-1041256,NiO2,Ni,0.2877166172222223,386.3138761882617,4.677997368323857,0.0,False,True,1
mp-656887,Ni3O4,Ni,0.0,138.80680474007113,5.74407814122496,0.0,True,True,1
mp-1094096,Ni4O3,Ni,0.43099237500000065,72.20119161383238,6.5034054285452365,0.0,False,True,1
mp-1046095,Ni5O7,Ni,0.19222526513888916,242.67164034062952,5.548953470200534,0.0,False,True,1
mp-1094094,Ni5O4,Ni,0.8089165733333337,94.78881400010718,6.26217281350507,0.0,False,True,1
mp-1220184,Ni5O11,Ni,0.20598308229166662,187.6528092485576,4.154253478178625,0.0,False,True,1
mp-754806,Ni5O6,Ni,0.04071467954545582,104.29367122360046,6.200943777574801,0.0,False,True,1
mp-766450,Ni6O7,Ni,0.05691689423077051,250.6962229455596,6.148872090097812,0.0,False,True,1
mp-1045896,Ni9O13,Ni,0.19960782409090871,225.6593486149003,5.417649814751082,0.0,False,True,1
mp-656884,Ni9O10,Ni,0.04665237342105222,181.79424681084492,6.286449994600997,0.0,False,True,1
mp-1100319,Ni15O16,Ni,0.026814349838709894,296.7383561977001,6.359212679696444,0.0,False,True,1
mp-1043875,Ni2O3,Ni,0.21380797833333265,205.35368662354134,5.349370803686391,0.0,False,True,1
mp-1094139,Ni2O5,Ni,0.5129339652380951,142.47066496800824,4.601136824138368,0.0,False,True,1
mp-2933735,CuO2,Cu,0.2923217118750001,143.97041484861245,2.204006613427865,0.0,False,True,1
mp-1064456,CuO,Cu,0.0010805249999998878,44.21362047308117,5.975002410548531,0.0,False,True,1
mp-361,Cu2O,Cu,0.0,76.5869082712687,6.204947176738228,0.5126999999999997,True,False,1
mp-755040,Cu2O3,Cu,0.06485079725000009,269.5733823305534,4.314136880599039,0.0,False,True,1
mp-1022728,Cu3O2,Cu,0.16036249400000102,60.13646626561749,6.147635994213703,0.0,False,True,1
mp-1147673,Cu3O4,Cu,0.07971995160714318,183.41486349348992,4.6106662686352395,0.0,False,True,1
mp-1023130,Cu4O3,Cu,0.10854848428571451,153.84032955524933,6.523456501722961,0.0,False,True,1
mp-1045868,Cu5O7,Cu,0.18737940854166713,256.32068887834845,5.567841464108817,0.0,False,True,1
mp-1147761,Cu8O7,Cu,0.2124121093333331,147.89252975798237,6.965452065289808,0.0,False,True,1
mp-31217,Cu8O,Cu,0.11758880666666727,106.07990017217307,8.208270867098836,0.0,False,True,1
mp-1045694,Cu9O13,Cu,0.19355781613636402,232.13107905668866,5.5790233710009485,0.0,False,True,1
mp-1213626,Cu64O,Cu,0.03210677769230674,766.9692805074955,8.839841704485057,0.0,False,True,1
mp-2346983,ZnO,Zn,0.22402689749999993,66.75779396494303,4.049918989511721,0.8378,False,False,1
mp-1094003,ZnO2,Zn,0.4591891483333326,34.45472719532318,4.694550521343299,0.0,False,True,1
mp-1977753,YO2,Y,0.3173831439583328,110.19832494704283,3.6437376890361888,0.0,False,True,1
mp-1187855,YO,Y,0.2210998014583332,67.53554734125309,5.158743003283924,0.0,False,True,1
mp-1189335,YO3,Y,0.46245090359374963,201.8495252066529,4.5050296449423435,0.0,False,True,1
mp-775907,Y2O3,Y,0.0418387982499997,419.4707436136238,5.363418071096292,3.5727,False,False,1
mp-775910,ZrO2,Zr,0.04733514133333294,328.3116221174586,6.232379842724869,3.3165999999999998,False,False,1
mp-10197,ZrO,Zr,0.3467296037499974,24.73907116775216,7.197062638088304,0.0,False,True,1
mp-10735,Zr2O,Zr,0.22800907249999725,115.95362797641955,5.683818032715772,0.0,False,True,1
mp-1017,Zr3O,Zr,0.007423523749999106,143.58864502115784,6.69984282918577,0.0,False,True,1
mp-1215377,Zr4O,Zr,0.0,286.99175263227033,6.611601417853336,0.0,True,True,1
mp-761151,Zr6O11,Zr,0.08387070720588063,208.53678271832567,5.759799288422903,0.3600000000000003,False,False,1
mp-685070,Zr19O40,Zr,0.10849655771186484,703.432861447232,5.602303605070874,0.03730000000000011,False,False,1
mp-684977,Zr27O49,Zr,0.11612779549341923,919.101917805969,5.866380146046199,0.0,False,True,1
mp-776975,NbO2,Nb,0.07206724749999971,269.65777786423155,6.153278661367969,0.0,False,True,1
mp-1179977,NbO3,Nb,0.19552483410714316,251.23391927853572,3.7252543088397148,0.0,False,True,1
mp-2311,NbO,Nb,0.0,76.75730697732924,7.068081579827412,0.0,True,True,1
mp-776896,Nb2O5,Nb,0.05922132576530714,509.80494798024336,3.463187190543735,2.4469,False,False,1
mp-1095187,Nb2O3,Nb,0.08106879983333393,119.20386858387614,6.514087813324666,0.0,False,True,1
mp-1232391,Nb4O9,Nb,0.20098092823076819,179.0015377322127,4.783240215858422,0.0,False,True,1
mp-28212,Nb4O5,Nb,0.023646288611111288,218.36385753050266,6.868690151797188,0.0,False,True,1
mp-1470,Nb12O29,Nb,0.0,1205.7226655355864,4.348856323999878,0.0,True,True,1
mp-2704783,MoO3,Mo,0.49267484656249927,218.7524469935191,4.3705111946400645,0.9698999999999998,False,False,1
mp-796331,MoO5,Mo,0.6691908581249999,185.63348588446073,3.1476030391457916,0.48929999999999996,False,False,1
mp-1041997,MoO2,Mo,0.21076656500000013,95.69215686019541,4.440225464687226,1.0112999999999999,False,False,1
mp-1180203,MoO4,Mo,0.4693881167499976,169.9138080370062,3.126086531254211,0.498,False,False,1
mp-1043432,Mo2O5,Mo,0.10960732265306206,276.6003698773015,3.2643657030612734,1.5101999999999998,False,False,1
mp-1180296,Mo2O7,Mo,0.3391895963888887,269.83855993003976,3.7399965233296943,0.03599999999999992,False,False,1
mp-1371699,Mo2O3,Mo,0.329072008999999,289.2619212503938,5.508186091834763,0.7565999999999997,False,False,1
mp-1044452,Mo3O7,Mo,0.21451751935714292,724.2077718336434,3.6669573682730947,0.9077999999999999,False,False,1
mp-1173004,Mo3O8,Mo,0.25395127428571485,326.4560793645561,4.230139542169296,1.2265000000000001,False,False,1
mp-1180281,Mo3O10,Mo,0.1862437050961514,405.19159239394736,3.670424838856792,0.0,False,True,1
mp-1047895,Mo4O9,Mo,0.12833722296703343,178.30688530579647,4.914881052401838,0.0,False,True,1
mp-540786,Mo4O11,Mo,0.005641713880951471,981.5487858683184,3.787860177886266,0.0,False,True,1
mp-543061,Mo4O5,Mo,0.6811400525,486.0945572766229,6.336928529293509,0.0,False,True,1
mp-1239172,Mo5O14,Mo,0.01761337233082827,2168.0746142228,4.311687011527341,0.0,False,True,1
mp-1201958,Mo8O23,Mo,0.0051080399193565995,1859.7771942131099,4.0554372082160794,0.5988,False,False,1
mp-27701,Mo9O26,Mo,0.0018604027142856694,1052.1397433192535,4.0385650788333445,0.742204054361205,False,False,1
mp-28777,Mo9O25,Mo,0.006341146323528335,1086.8411868823891,3.860729256957504,0.0,False,True,1
mp-1221884,Mo13O33,Mo,0.051777474673913915,649.8453513939792,4.536139684513112,0.0,False,True,1
mp-285,Mo17O47,Mo,0.00620977595982275,1785.4605019154048,4.432452646259344,0.0,False,True,1
mp-1205302,TcO2,Tc,0.07857578833333356,63.00181205088093,6.852758017130678,0.0,False,True,1
mp-27485,Tc2O7,Tc,0.0,551.7048267620728,3.708062965226387,2.6664,True,False,1
mp-1008785,RuO2,Ru,0.18805873833333475,28.647745973939394,7.713205131576927,0.6058000000000003,False,False,1
mp-547094,RuO4,Ru,0.00018182525000032257,150.93881260009232,3.6319511740042834,2.3853,False,False,1
mp-1219486,RhO3,Rh,0.5570837924999994,103.99192114417295,2.409624581770927,0.0,False,True,1
mp-725,RhO2,Rh,0.0,62.21966740434897,7.200741182349888,0.0,True,True,1
mp-1179690,Rh2O3,Rh,0.15276109349999967,218.35607949827573,7.720601938260356,0.2942,False,False,1
mp-1018886,PdO2,Pd,0.0,64.3430838656573,7.144507582289027,0.0,True,True,1
mp-1336,PdO,Pd,0.0,50.08427352138736,8.117605875103205,0.0,True,True,1
mp-10729,Pd2O,Pd,0.1386693266666672,93.72186531305883,8.109031183681832,0.0,False,True,1
mp-1219936,Pd7O8,Pd,0.0562793776666668,190.71525964567334,7.600561207994447,0.0,False,True,1
mp-2803876,AgO,Ag,0.0,61.1210263814898,6.730482171210601,0.0,True,True,1
mp-1214896,AgO2,Ag,0.7035315005555556,98.07180208745356,4.736419908864837,0.0,False,True,1
mp-1046809,Ag2O3,Ag,0.2562967936666656,283.5055218558439,6.178949944384813,0.0,False,True,1
mp-353,Ag2O,Ag,0.0,107.44222318884995,7.163037735938534,0.0,True,True,1
mp-1605,Ag3O4,Ag,0.0,182.6046271942463,7.049422637189597,0.0,True,True,1
mp-27819,Ag3O,Ag,0.020161739583333116,122.23889308286942,9.226616762296846,0.0,False,True,1
mp-1096866,CdO2,Cd,0.4323955816666665,43.41044845489024,5.5239723009106525,0.0,False,True,1
mp-1132,CdO,Cd,0.0,26.32170194637648,8.100938400185731,0.0,True,True,1
mp-1206559,LaO2,La,0.14003346124999894,106.21319751699899,5.343840954130625,0.0,False,True,1
mp-1206710,LaO,La,0.02561112124999987,33.99115179242404,7.5674278462756925,0.0,False,True,1
mp-1180635,La2O3,La,0.23565604849999922,115.60663530993467,4.679824860664666,0.0,False,True,1
mp-775757,HfO2,Hf,0.009928638750000829,272.91790420316113,10.24556822655066,4.016500000000001,False,False,1
mp-2630414,TaO3,Ta,0.1462951843749991,248.4613529066973,6.120451427451534,0.0,False,True,1
mp-510,TaO2,Ta,0.06879037205277783,575.4542332329144,9.831712377896322,0.4284000000000008,False,False,1
mp-684958,TaO10,Ta,0.4614654038636372,173.86025372199208,3.2563354754809066,0.0,False,True,1
mp-1539317,Ta2O5,Ta,0.013605430714287436,193.99668074320508,7.564873681773962,2.7649,False,False,1
mp-1079159,Ta2O3,Ta,0.21616173942666705,117.53100921349599,11.582389009489992,0.0,False,True,1
mp-726074,Ta2O7,Ta,0.49925202055555573,303.7804099346293,5.180817617441381,0.0,False,True,1
mp-727194,Ta3O8,Ta,0.039621046363636836,608.2714305252761,7.325375132657547,0.0,False,True,1
mp-29727,Ta4O,Ta,0.22982059791999987,78.62264164617808,15.624655948608488,0.0,False,True,1
mp-1218065,Ta6O,Ta,0.03125975427619032,231.7876400252598,15.785084775438426,0.0,False,True,1
mp-685006,Ta10O9,Ta,0.6652105345824566,231.1533085761011,14.033192606144524,0.0,False,True,1
mp-684943,Ta22O21,Ta,0.563254326424806,654.602092843171,10.950595506274487,0.0,False,True,1
mp-1524394,WO2,W,0.0,134.17829845535863,10.684552244729895,0.0,True,True,1
mp-2235359,WO3,W,0.006369437187499827,231.3076291201412,6.6573919802382635,1.3106,False,False,1
mp-796339,WO5,W,0.7958218847916649,391.0026157278427,4.4819305928284985,0.5680999999999999,False,False,1
mp-1201934,WO4,W,0.5246057385,652.6580681625089,5.0445283694235385,0.0,False,True,1
mp-560362,W8O21,W,0.007278122198274062,1558.96841368676,7.697675456328208,0.0,False,True,1
mp-1342882,W9O13,W,0.7694495692045464,378.510303020468,8.171087210367563,0.0,False,True,1
mp-27732,W10O29,W,0.012997972467950092,1131.328462186436,6.758773224025136,0.0,False,True,1
mp-1179615,W17O47,W,0.8725711921289072,1029.708423082772,6.252573980763537,0.0,False,True,1
mp-907,W18O49,W,0.0030684913619403176,943.2129869625793,7.205940702551898,0.0,False,True,1
mp-649605,W25O73,W,0.012132087487245258,2839.331305876413,6.741921551623442,0.0,False,True,1
mp-825919,W2O7,W,0.5795152936111112,265.2764069830087,6.005211057962452,0.0,False,True,1
mp-1043494,W2O5,W,0.26074720732142964,272.67780475855386,5.452480075634604,2.3903000000000003,False,False,1
mp-1372094,W2O3,W,0.8733193005000022,268.80309098144886,10.271457648468457,0.20569999999999933,False,False,1
mp-826017,W3O10,W,0.18326118605769182,188.31477645152557,6.274052505846113,0.1666,False,False,1
mp-1041679,W3O8,W,0.1480778852272735,177.39860831387935,6.360599715238613,2.4721,False,False,1
mp-1044534,W3O7,W,0.09886540562500024,285.68852959887465,7.713252683212023,0.0,False,True,1
mp-1048022,W4O9,W,0.1622479320192305,181.82073457254657,8.031001921576205,0.0,False,True,1
mp-1345171,W5O7,W,0.8545948347916674,358.94072015541,9.541079166859777,0.0,False,True,1
mp-705284,W5O14,W,0.7710467560526322,2879.104578075332,5.274735289623078,0.0,False,True,1
mp-2024705,ReO3,Re,0.00832864750000084,106.6763959246197,7.291339032845352,0.0,False,True,1
mp-1095546,ReO2,Re,0.0764806311111137,134.16191024631817,10.803044032384367,0.0,False,True,1
mp-1179307,ReO5,Re,0.4571347871874982,180.14061946096047,4.907745333900971,0.24439999999999995,False,False,1
mp-1016092,Re2O7,Re,0.0,1102.3438809662773,5.837607753127852,2.6752000000000002,True,False,1
mp-1179674,Re2O9,Re,0.3403667919318156,385.35951879750456,4.450476056759252,0.0,False,True,1
mp-1173333,Re3O10,Re,0.9869665354807688,217.29466929456328,5.491567220152701,0.0,False,True,1
mp-32795,Re3O8,Re,0.18949119416666704,128.24700733214084,8.890289521536825,0.0,False,True,1
mp-1524458,OsO4,Os,0.0,81.69548341351152,5.167419844509376,3.3769,True,False,1
mp-1095264,OsO2,Os,0.07342120083333192,117.36859418945855,12.576434341320661,0.0,False,True,1
mp-1014261,IrO2,Ir,0.2632304216666652,75.34752541373811,9.882715954498167,0.0,False,True,1
mp-1021489,IrO3,Ir,0.11425780124999996,54.47972288011905,7.321746577642647,0.0,False,True,1
mp-768247,PtO3,Pt,0.08682684000000052,88.66194038208619,9.105315952245515,0.0,False,True,1
mp-1077716,PtO2,Pt,0.040443675000001456,68.654935293764,10.98478527920183,0.0,False,True,1
mp-1179856,PtO6,Pt,0.25866996500000017,187.08407444990914,5.167199590003325,0.0,False,True,1
mp-7947,PtO,Pt,0.13912734124999826,53.46450234862669,13.11196091249024,0.0,False,True,1
mp-1206845,Pt2O,Pt,0.43558793749999936,93.94723336384854,14.358205389818155,0.0,False,True,1
mp-1604,Pt3O4,Pt,0.0,175.86560263715103,12.260547942454055,0.0,True,True,1
mp-27253,Au2O3,Au,0.0,132.65363346808087,11.06406561725529,0.8519999999999999,True,False,1
mp-984358,Au3O,Au,0.3873081116666661,141.39351666694836,14.25496305378667,0.0,False,True,1
mp-1077107,HgO,Hg,0.001932083750000757,108.22107354600836,9.970012738629137,1.2712,False,False,1
mp-1181027,HgO2,Hg,0.36499011416666693,48.69784274892428,7.931004077213492,0.018199999999999994,False,False,1
